{"cameraMode":{"drawMode":0,"name":"Shaded","section":"Shading Mode"},"sceneLighting":false,"audioPlay":false,"sceneViewState":{"m_AlwaysRefresh":false,"showFog":true,"showSkybox":false,"showFlares":true,"showImageEffects":true,"showParticleSystems":true,"showVisualEffectGraphs":true,"m_FxEnabled":true},"in2DMode":false,"pivot":{"x":9.619999885559082,"y":0.9460004568099976,"z":1.5399999618530274},"rotation":{"x":-0.016786977648735048,"y":0.9002904295921326,"z":-0.43356871604919436,"w":-0.034857675433158877},"size":1.472243309020996,"orthographic":false}