{
    "name": "root",
    "metadata": {
        "timer_format_version": "0.1.0",
        "start_time_seconds": "1671142899",
        "python_version": "3.9.7 (default, Sep 16 2021, 23:53:23) \n[Clang 12.0.0 ]",
        "command_line_arguments": "/Users/jaydevnani/opt/miniconda3/envs/unity-mla/bin/mlagents-learn /Users/jaydevnani/Downloads/AI-Racing-Karts-main/Kart Agent.yaml --run-id=KartTraining2",
        "mlagents_version": "0.30.0",
        "mlagents_envs_version": "0.30.0",
        "communication_protocol_version": "1.5.0",
        "pytorch_version": "1.11.0",
        "numpy_version": "1.21.2",
        "end_time_seconds": "1671144719"
    },
    "total": 1819.539276208,
    "count": 1,
    "self": 0.004513291999955982,
    "children": {
        "run_training.setup": {
            "total": 0.023007208000000112,
            "count": 1,
            "self": 0.023007208000000112
        },
        "TrainerController.start_learning": {
            "total": 1819.511755708,
            "count": 1,
            "self": 0.8524402079835909,
            "children": {
                "TrainerController._reset_env": {
                    "total": 11.145197625,
                    "count": 1,
                    "self": 11.145197625
                },
                "TrainerController.advance": {
                    "total": 1807.4257472500165,
                    "count": 66278,
                    "self": 0.39384869700961644,
                    "children": {
                        "env_step": {
                            "total": 1807.0318985530068,
                            "count": 66278,
                            "self": 1634.3198270499802,
                            "children": {
                                "SubprocessEnvManager._take_step": {
                                    "total": 172.20512405900828,
                                    "count": 66278,
                                    "self": 3.085949030013097,
                                    "children": {
                                        "TorchPolicy.evaluate": {
                                            "total": 169.1191750289952,
                                            "count": 64587,
                                            "self": 169.1191750289952
                                        }
                                    }
                                },
                                "workers": {
                                    "total": 0.5069474440183761,
                                    "count": 66277,
                                    "self": 0.0,
                                    "children": {
                                        "worker_root": {
                                            "total": 1745.4121123709876,
                                            "count": 66277,
                                            "is_parallel": true,
                                            "self": 243.88591058998804,
                                            "children": {
                                                "steps_from_proto": {
                                                    "total": 0.0005097910000007033,
                                                    "count": 1,
                                                    "is_parallel": true,
                                                    "self": 9.583399999968378e-05,
                                                    "children": {
                                                        "_process_rank_one_or_two_observation": {
                                                            "total": 0.00041395700000101954,
                                                            "count": 6,
                                                            "is_parallel": true,
                                                            "self": 0.00041395700000101954
                                                        }
                                                    }
                                                },
                                                "UnityEnvironment.step": {
                                                    "total": 1501.5256919899996,
                                                    "count": 66277,
                                                    "is_parallel": true,
                                                    "self": 4.7232533060371225,
                                                    "children": {
                                                        "UnityEnvironment._generate_step_input": {
                                                            "total": 39.588111420979686,
                                                            "count": 66277,
                                                            "is_parallel": true,
                                                            "self": 39.588111420979686
                                                        },
                                                        "communicator.exchange": {
                                                            "total": 1429.9322618159863,
                                                            "count": 66277,
                                                            "is_parallel": true,
                                                            "self": 1429.9322618159863
                                                        },
                                                        "steps_from_proto": {
                                                            "total": 27.28206544699645,
                                                            "count": 66277,
                                                            "is_parallel": true,
                                                            "self": 4.957392931993606,
                                                            "children": {
                                                                "_process_rank_one_or_two_observation": {
                                                                    "total": 22.324672515002845,
                                                                    "count": 397662,
                                                                    "is_parallel": true,
                                                                    "self": 22.324672515002845
                                                                }
                                                            }
                                                        }
                                                    }
                                                }
                                            }
                                        }
                                    }
                                }
                            }
                        }
                    }
                },
                "TrainerController._save_models": {
                    "total": 0.08837062499992498,
                    "count": 1,
                    "self": 0.000644040999986828,
                    "children": {
                        "RLTrainer._checkpoint": {
                            "total": 0.08772658399993816,
                            "count": 1,
                            "self": 0.08772658399993816
                        }
                    }
                }
            }
        }
    }
}