{
    "name": "root",
    "gauges": {
        "KartAgent.Policy.Entropy.mean": {
            "value": 2.117201805114746,
            "min": 0.7877516150474548,
            "max": 2.3277571201324463,
            "count": 9329
        },
        "KartAgent.Policy.Entropy.sum": {
            "value": 24847.48046875,
            "min": 7820.6181640625,
            "max": 35084.55078125,
            "count": 9329
        },
        "KartAgent.Environment.EpisodeLength.mean": {
            "value": 172.1014492753623,
            "min": 161.75675675675674,
            "max": 2080.5,
            "count": 9329
        },
        "KartAgent.Environment.EpisodeLength.sum": {
            "value": 11875.0,
            "min": 4161.0,
            "max": 19951.0,
            "count": 9329
        },
        "KartAgent.Step.mean": {
            "value": 111947848.0,
            "min": 11798.0,
            "max": 111947848.0,
            "count": 9329
        },
        "KartAgent.Step.sum": {
            "value": 111947848.0,
            "min": 11798.0,
            "max": 111947848.0,
            "count": 9329
        },
        "KartAgent.Policy.ExtrinsicValueEstimate.mean": {
            "value": 0.3192597031593323,
            "min": -0.3157271444797516,
            "max": 0.41656261682510376,
            "count": 9329
        },
        "KartAgent.Policy.ExtrinsicValueEstimate.sum": {
            "value": 22.028919219970703,
            "min": -5.945160865783691,
            "max": 24.85285758972168,
            "count": 9329
        },
        "KartAgent.Environment.CumulativeReward.mean": {
            "value": 0.7832125952278358,
            "min": -2.396500143739912,
            "max": 0.8174099463063318,
            "count": 9329
        },
        "KartAgent.Environment.CumulativeReward.sum": {
            "value": 54.04166907072067,
            "min": -35.62816679477692,
            "max": 60.48833602666855,
            "count": 9329
        },
        "KartAgent.Policy.ExtrinsicReward.mean": {
            "value": 0.7832125952278358,
            "min": -2.396500143739912,
            "max": 0.8174099463063318,
            "count": 9329
        },
        "KartAgent.Policy.ExtrinsicReward.sum": {
            "value": 54.04166907072067,
            "min": -35.62816679477692,
            "max": 60.48833602666855,
            "count": 9329
        },
        "KartAgent.IsTraining.mean": {
            "value": 1.0,
            "min": 1.0,
            "max": 1.0,
            "count": 9329
        },
        "KartAgent.IsTraining.sum": {
            "value": 1.0,
            "min": 1.0,
            "max": 1.0,
            "count": 9329
        },
        "KartAgent.Losses.PolicyLoss.mean": {
            "value": 0.07337257774959047,
            "min": 0.028966628548417552,
            "max": 0.3720261293826237,
            "count": 9243
        },
        "KartAgent.Losses.PolicyLoss.sum": {
            "value": 0.07337257774959047,
            "min": 0.028966628548417552,
            "max": 0.3720261293826237,
            "count": 9243
        },
        "KartAgent.Losses.ValueLoss.mean": {
            "value": 0.0005715954483578874,
            "min": 5.653424769510214e-06,
            "max": 0.23073594745626233,
            "count": 9243
        },
        "KartAgent.Losses.ValueLoss.sum": {
            "value": 0.0005715954483578874,
            "min": 5.653424769510214e-06,
            "max": 0.23073594745626233,
            "count": 9243
        },
        "KartAgent.Policy.LearningRate.mean": {
            "value": 0.00023283516738828493,
            "min": 0.00023283516738828493,
            "max": 0.00029999210580263137,
            "count": 9243
        },
        "KartAgent.Policy.LearningRate.sum": {
            "value": 0.00023283516738828493,
            "min": 0.00023283516738828493,
            "max": 0.00029999210580263137,
            "count": 9243
        },
        "KartAgent.Policy.Epsilon.mean": {
            "value": 0.17761171500000003,
            "min": 0.17761171500000003,
            "max": 0.19999736859999998,
            "count": 9243
        },
        "KartAgent.Policy.Epsilon.sum": {
            "value": 0.17761171500000003,
            "min": 0.17761171500000003,
            "max": 0.19999736859999998,
            "count": 9243
        },
        "KartAgent.Policy.Beta.mean": {
            "value": 0.0007783559785000002,
            "min": 0.0007783559785000002,
            "max": 0.0009999739491400002,
            "count": 9243
        },
        "KartAgent.Policy.Beta.sum": {
            "value": 0.0007783559785000002,
            "min": 0.0007783559785000002,
            "max": 0.0009999739491400002,
            "count": 9243
        }
    },
    "metadata": {
        "timer_format_version": "0.1.0",
        "start_time_seconds": "1671173318",
        "python_version": "3.9.7 (default, Sep 16 2021, 23:53:23) \n[Clang 12.0.0 ]",
        "command_line_arguments": "/Users/jaydevnani/opt/miniconda3/envs/unity-mla/bin/mlagents-learn /Users/jaydevnani/Downloads/AI-Racing-Karts-main/Kart Agent.yaml --run-id=KartTraining9",
        "mlagents_version": "0.30.0",
        "mlagents_envs_version": "0.30.0",
        "communication_protocol_version": "1.5.0",
        "pytorch_version": "1.11.0",
        "numpy_version": "1.21.2",
        "end_time_seconds": "1671300028"
    },
    "total": 126703.287105334,
    "count": 1,
    "self": 0.004000543005531654,
    "children": {
        "run_training.setup": {
            "total": 0.01381908300000001,
            "count": 1,
            "self": 0.01381908300000001
        },
        "TrainerController.start_learning": {
            "total": 126703.269285708,
            "count": 1,
            "self": 64.10830864033778,
            "children": {
                "TrainerController._reset_env": {
                    "total": 9.031922542,
                    "count": 1,
                    "self": 9.031922542
                },
                "TrainerController.advance": {
                    "total": 126630.09093885866,
                    "count": 5151136,
                    "self": 32.92618942314584,
                    "children": {
                        "env_step": {
                            "total": 126597.16474943551,
                            "count": 5151136,
                            "self": 114687.07225480837,
                            "children": {
                                "SubprocessEnvManager._take_step": {
                                    "total": 11869.645579942699,
                                    "count": 5151136,
                                    "self": 269.97714501635164,
                                    "children": {
                                        "TorchPolicy.evaluate": {
                                            "total": 11599.668434926347,
                                            "count": 4664782,
                                            "self": 11599.668434926347
                                        }
                                    }
                                },
                                "workers": {
                                    "total": 40.446914684447144,
                                    "count": 5151135,
                                    "self": 0.0,
                                    "children": {
                                        "worker_root": {
                                            "total": 126597.76835975223,
                                            "count": 5151135,
                                            "is_parallel": true,
                                            "self": 17140.49893666309,
                                            "children": {
                                                "steps_from_proto": {
                                                    "total": 0.0005653340000009166,