{
    "name": "root",
    "gauges": {
        "KartAgent.Policy.Entropy.mean": {
            "value": 0.6280527710914612,
            "min": 0.6280527710914612,
            "max": 1.4199973344802856,
            "count": 393
        },
        "KartAgent.Policy.Entropy.sum": {
            "value": 6782.9697265625,
            "min": 5721.72265625,
            "max": 34054.51953125,
            "count": 393
        },
        "KartAgent.Environment.EpisodeLength.mean": {
            "value": 422.67857142857144,
            "min": 387.61290322580646,
            "max": 1074.7333333333333,
            "count": 393
        },
        "KartAgent.Environment.EpisodeLength.sum": {
            "value": 11835.0,
            "min": 5570.0,
            "max": 17812.0,
            "count": 393
        },
        "KartAgent.Step.mean": {
            "value": 4715769.0,
            "min": 11659.0,
            "max": 4715769.0,
            "count": 393
        },
        "KartAgent.Step.sum": {
            "value": 4715769.0,
            "min": 11659.0,
            "max": 4715769.0,
            "count": 393
        },
        "KartAgent.Policy.ExtrinsicValueEstimate.mean": {
            "value": -0.5612801313400269,
            "min": -0.9915521740913391,
            "max": -0.04373982921242714,
            "count": 393
        },
        "KartAgent.Policy.ExtrinsicValueEstimate.sum": {
            "value": -15.71584415435791,
            "min": -24.744016647338867,
            "max": -0.9185364246368408,
            "count": 393
        },
        "KartAgent.Environment.CumulativeReward.mean": {
            "value": -3.2254756689071655,
            "min": -11.272423549131913,
            "max": -2.8921231992783083,
            "count": 393
        },
        "KartAgent.Environment.CumulativeReward.sum": {
            "value": -90.31331872940063,
            "min": -188.29664993286133,
            "max": -82.59332847595215,
            "count": 393
        },
        "KartAgent.Policy.ExtrinsicReward.mean": {
            "value": -3.2254756689071655,
            "min": -11.272423549131913,
            "max": -2.8921231992783083,
            "count": 393
        },
        "KartAgent.Policy.ExtrinsicReward.sum": {
            "value": -90.31331872940063,
            "min": -188.29664993286133,
            "max": -82.59332847595215,
            "count": 393
        },
        "KartAgent.IsTraining.mean": {
            "value": 1.0,
            "min": 1.0,
            "max": 1.0,
            "count": 393
        },
        "KartAgent.IsTraining.sum": {
            "value": 1.0,
            "min": 1.0,
            "max": 1.0,
            "count": 393
        },
        "KartAgent.Losses.PolicyLoss.mean": {
            "value": 0.07229219249148075,
            "min": 0.06313729303713213,
            "max": 0.07906454332137704,
            "count": 380
        },
        "KartAgent.Losses.PolicyLoss.sum": {
            "value": 0.07229219249148075,
            "min": 0.06313729303713213,
            "max": 0.07906454332137704,
            "count": 380
        },
        "KartAgent.Losses.ValueLoss.mean": {
            "value": 0.000695528944454375,
            "min": 9.785434053953606e-06,
            "max": 0.023708786363470583,
            "count": 380
        },
        "KartAgent.Losses.ValueLoss.sum": {
            "value": 0.000695528944454375,
            "min": 9.785434053953606e-06,
            "max": 0.023708786363470583,
            "count": 380
        },
        "KartAgent.Policy.LearningRate.mean": {
            "value": 0.00029717740474086537,
            "min": 0.00029717740474086537,
            "max": 0.00029998940460353185,
            "count": 380
        },
        "KartAgent.Policy.LearningRate.sum": {
            "value": 0.00029717740474086537,
            "min": 0.00029717740474086537,
            "max": 0.00029998940460353185,
            "count": 380
        },
        "KartAgent.Policy.Epsilon.mean": {
            "value": 0.19905913460000002,
            "min": 0.19905913460000002,
            "max": 0.1999964682,
            "count": 380
        },
        "KartAgent.Policy.Epsilon.sum": {
            "value": 0.19905913460000002,
            "min": 0.19905913460000002,
            "max": 0.1999964682,
            "count": 380
        },
        "KartAgent.Policy.Beta.mean": {
            "value": 0.00099068543254,
            "min": 0.00099068543254,
            "max": 0.0009999650351799998,
            "count": 380
        },
        "KartAgent.Policy.Beta.sum": {
            "value": 0.00099068543254,
            "min": 0.00099068543254,
            "max": 0.0009999650351799998,
            "count": 380
        }
    },
    "metadata": {
        "timer_format_version": "0.1.0",
        "start_time_seconds": "1671054056",
        "python_version": "3.9.7 (default, Sep 16 2021, 23:53:23) \n[Clang 12.0.0 ]",
        "command_line_arguments": "/Users/jaydevnani/opt/miniconda3/envs/unity-mla/bin/mlagents-learn /Users/jaydevnani/Downloads/AI-Racing-Karts-main/Kart Agent.yaml --run-id=MLAgentsTrain1",
        "mlagents_version": "0.30.0",
        "mlagents_envs_version": "0.30.0",
        "communication_protocol_version": "1.5.0",
        "pytorch_version": "1.11.0",
        "numpy_version": "1.21.2",
        "end_time_seconds": "1671058874"
    },
    "total": 4817.718621083,
    "count": 1,
    "self": 0.0037923329991826904,
    "children": {
        "run_training.setup": {
            "total": 0.013116125000000034,
            "count": 1,
            "self": 0.013116125000000034
        },
        "TrainerController.start_learning": {
            "total": 4817.701712625,
            "count": 1,
            "self": 2.3800177549537693,
            "children": {
                "TrainerController._reset_env": {
                    "total": 19.078248083,
                    "count": 1,
                    "self": 19.078248083
                },
                "TrainerController.advance": {
                    "total": 4796.204284870047,
                    "count": 203231,
                    "self": 1.2277402319932662,
                    "children": {
                        "env_step": {
                            "total": 4794.976544638053,
                            "count": 203231,
                            "self": 4290.52437419898,
                            "children": {
                                "SubprocessEnvManager._take_step": {
                                    "total": 502.8763871000715,
                                    "count": 203231,
                                    "self": 9.282094329137635,
                                    "children": {
                                        "TorchPolicy.evaluate": {
                                            "total": 493.59429277093386,
                                            "count": 196833,
                                            "self": 493.59429277093386
                                        }
                                    }
                                },
                                "workers": {
                                    "total": 1.575783339002367,
                                    "count": 203230,
                                    "self": 0.0,
                                    "children": {
                                        "worker_root": {
                                            "total": 4795.070046320907,
                                            "count": 203230,
                                            "is_parallel": true,
                                            "self": 722.184309116888,
                                            "children": {
                                                "steps_from_proto": {
                                                    "total": 0.0004139999999992483,
                                                    "count": 1,