{
    "name": "root",
    "gauges": {
        "KartAgent.Policy.Entropy.mean": {
            "value": 1.4138174057006836,
            "min": 1.339562177658081,
            "max": 1.4567521810531616,
            "count": 312
        },
        "KartAgent.Policy.Entropy.sum": {
            "value": 15235.296875,
            "min": 6727.974609375,
            "max": 28503.6328125,
            "count": 312
        },
        "KartAgent.Environment.EpisodeLength.mean": {
            "value": 571.4,
            "min": 546.3913043478261,
            "max": 1643.8333333333333,
            "count": 312
        },
        "KartAgent.Environment.EpisodeLength.sum": {
            "value": 11428.0,
            "min": 4303.0,
            "max": 20007.0,
            "count": 312
        },
        "KartAgent.Step.mean": {
            "value": 3743977.0,
            "min": 11249.0,
            "max": 3743977.0,
            "count": 312
        },
        "KartAgent.Step.sum": {
            "value": 3743977.0,
            "min": 11249.0,
            "max": 3743977.0,
            "count": 312
        },
        "KartAgent.Policy.ExtrinsicValueEstimate.mean": {
            "value": 0.027357419952750206,
            "min": -0.25144970417022705,
            "max": 0.13249044120311737,
            "count": 312
        },
        "KartAgent.Policy.ExtrinsicValueEstimate.sum": {
            "value": 0.5745058059692383,
            "min": -5.531893253326416,
            "max": 2.6420159339904785,
            "count": 312
        },
        "KartAgent.Environment.CumulativeReward.mean": {
            "value": 0.3191190319401877,
            "min": -2.40647229552269,
            "max": 0.3191190319401877,
            "count": 312
        },
        "KartAgent.Environment.CumulativeReward.sum": {
            "value": 6.701499670743942,
            "min": -33.04233467578888,
            "max": 6.701499670743942,
            "count": 312
        },
        "KartAgent.Policy.ExtrinsicReward.mean": {
            "value": 0.3191190319401877,
            "min": -2.40647229552269,
            "max": 0.3191190319401877,
            "count": 312
        },
        "KartAgent.Policy.ExtrinsicReward.sum": {
            "value": 6.701499670743942,
            "min": -33.04233467578888,
            "max": 6.701499670743942,
            "count": 312
        },
        "KartAgent.IsTraining.mean": {
            "value": 1.0,
            "min": 1.0,
            "max": 1.0,
            "count": 312
        },
        "KartAgent.IsTraining.sum": {
            "value": 1.0,
            "min": 1.0,
            "max": 1.0,
            "count": 312
        },
        "KartAgent.Losses.PolicyLoss.mean": {
            "value": 0.06804708118219423,
            "min": 0.06279302581310428,
            "max": 0.0819434799211255,
            "count": 302
        },
        "KartAgent.Losses.PolicyLoss.sum": {
            "value": 0.06804708118219423,
            "min": 0.06279302581310428,
            "max": 0.0819434799211255,
            "count": 302
        },
        "KartAgent.Losses.ValueLoss.mean": {
            "value": 0.0003969446525540358,
            "min": 0.0003969446525540358,
            "max": 0.03193685359011094,
            "count": 302
        },
        "KartAgent.Losses.ValueLoss.sum": {
            "value": 0.0003969446525540358,
            "min": 0.0003969446525540358,
            "max": 0.03193685359011094,
            "count": 302
        },
        "KartAgent.Policy.LearningRate.mean": {
            "value": 0.0002977539151486951,
            "min": 0.0002977539151486951,
            "max": 0.00029999274840241714,
            "count": 302
        },
        "KartAgent.Policy.LearningRate.sum": {
            "value": 0.0002977539151486951,
            "min": 0.0002977539151486951,
            "max": 0.00029999274840241714,
            "count": 302
        },
        "KartAgent.Policy.Epsilon.mean": {
            "value": 0.1992513048,
            "min": 0.1992513048,
            "max": 0.19999758280000005,
            "count": 302
        },
        "KartAgent.Policy.Epsilon.sum": {
            "value": 0.1992513048,
            "min": 0.1992513048,
            "max": 0.19999758280000005,
            "count": 302
        },
        "KartAgent.Policy.Beta.mean": {
            "value": 0.00099258791752,
            "min": 0.00099258791752,
            "max": 0.00099997606972,
            "count": 302
        },
        "KartAgent.Policy.Beta.sum": {
            "value": 0.00099258791752,
            "min": 0.00099258791752,
            "max": 0.00099997606972,
            "count": 302
        }
    },
    "metadata": {
        "timer_format_version": "0.1.0",
        "start_time_seconds": "1671169132",
        "python_version": "3.9.7 (default, Sep 16 2021, 23:53:23) \n[Clang 12.0.0 ]",
        "command_line_arguments": "/Users/jaydevnani/opt/miniconda3/envs/unity-mla/bin/mlagents-learn /Users/jaydevnani/Downloads/AI-Racing-Karts-main/Kart Agent.yaml --run-id=KartTraining8",
        "mlagents_version": "0.30.0",
        "mlagents_envs_version": "0.30.0",
        "communication_protocol_version": "1.5.0",
        "pytorch_version": "1.11.0",
        "numpy_version": "1.21.2",
        "end_time_seconds": "1671173302"
    },
    "total": 4169.584671334,
    "count": 1,
    "self": 0.003616833999330993,
    "children": {
        "run_training.setup": {
            "total": 0.012515083999999899,
            "count": 1,
            "self": 0.012515083999999899
        },
        "TrainerController.start_learning": {
            "total": 4169.568539416,
            "count": 1,
            "self": 2.950592138978209,
            "children": {
                "TrainerController._reset_env": {
                    "total": 10.035233209,
                    "count": 1,
                    "self": 10.035233209
                },
                "TrainerController.advance": {
                    "total": 4156.543115068022,
                    "count": 160244,
                    "self": 0.9891977840070467,
                    "children": {
                        "env_step": {
                            "total": 4155.553917284015,
                            "count": 160244,
                            "self": 3729.1125881240346,
                            "children": {
                                "SubprocessEnvManager._take_step": {
                                    "total": 425.26206750802675,
                                    "count": 160244,
                                    "self": 7.151204251922991,
                                    "children": {
                                        "TorchPolicy.evaluate": {
                                            "total": 418.11086325610376,
                                            "count": 156794,
                                            "self": 418.11086325610376
                                        }
                                    }
                                },
                                "workers": {
                                    "total": 1.1792616519538903,
                                    "count": 160243,
                                    "self": 0.0,
                                    "children": {
                                        "worker_root": {
                                            "total": 4155.615766709984,
                                            "count": 160243,
                                            "is_parallel": true,
                                            "self": 597.6247465779466,
                                            "children": {
                                                "steps_from_proto": {
                                                    "total": 0.00047095900000115876,
                                                    "count": 1,
                                                    "is_parallel": true,