{
    "name": "root",
    "gauges": {
        "KartAgent.Policy.Entropy.mean": {
            "value": 1.4151890277862549,
            "min": 1.4146642684936523,
            "max": 1.4189382791519165,
            "count": 6
        },
        "KartAgent.Policy.Entropy.sum": {
            "value": 21601.4453125,
            "min": 13151.4501953125,
            "max": 30887.44921875,
            "count": 6
        },
        "KartAgent.Environment.EpisodeLength.mean": {
            "value": 679.8421052631579,
            "min": 492.86206896551727,
            "max": 679.8421052631579,
            "count": 6
        },
        "KartAgent.Environment.EpisodeLength.sum": {
            "value": 12917.0,
            "min": 9229.0,
            "max": 14293.0,
            "count": 6
        },
        "KartAgent.Step.mean": {
            "value": 71162.0,
            "min": 11604.0,
            "max": 71162.0,
            "count": 6
        },
        "KartAgent.Step.sum": {
            "value": 71162.0,
            "min": 11604.0,
            "max": 71162.0,
            "count": 6
        },
        "KartAgent.Policy.ExtrinsicValueEstimate.mean": {
            "value": -0.20715518295764923,
            "min": -0.20715518295764923,
            "max": -0.044925156980752945,
            "count": 6
        },
        "KartAgent.Policy.ExtrinsicValueEstimate.sum": {
            "value": -4.350258827209473,
            "min": -4.350258827209473,
            "max": -1.048282265663147,
            "count": 6
        },
        "KartAgent.Environment.CumulativeReward.mean": {
            "value": -1.6414167016744614,
            "min": -1.6414167016744614,
            "max": -1.4908405646033909,
            "count": 6
        },
        "KartAgent.Environment.CumulativeReward.sum": {
            "value": -32.82833403348923,
            "min": -36.45516735315323,
            "max": -27.505333840847015,
            "count": 6
        },
        "KartAgent.Policy.ExtrinsicReward.mean": {
            "value": -1.6414167016744614,
            "min": -1.6414167016744614,
            "max": -1.4908405646033909,
            "count": 6
        },
        "KartAgent.Policy.ExtrinsicReward.sum": {
            "value": -32.82833403348923,
            "min": -36.45516735315323,
            "max": -27.505333840847015,
            "count": 6
        },
        "KartAgent.IsTraining.mean": {
            "value": 1.0,
            "min": 1.0,
            "max": 1.0,
            "count": 6
        },
        "KartAgent.IsTraining.sum": {
            "value": 1.0,
            "min": 1.0,
            "max": 1.0,
            "count": 6
        },
        "KartAgent.Losses.PolicyLoss.mean": {
            "value": 0.07514963291538729,
            "min": 0.06452371508586414,
            "max": 0.07514963291538729,
            "count": 5
        },
        "KartAgent.Losses.PolicyLoss.sum": {
            "value": 0.07514963291538729,
            "min": 0.06452371508586414,
            "max": 0.07514963291538729,
            "count": 5
        },
        "KartAgent.Losses.ValueLoss.mean": {
            "value": 0.008809223739448393,
            "min": 0.008809223739448393,
            "max": 0.026198617213976986,
            "count": 5
        },
        "KartAgent.Losses.ValueLoss.sum": {
            "value": 0.008809223739448393,
            "min": 0.008809223739448393,
            "max": 0.026198617213976986,
            "count": 5
        },
        "KartAgent.Policy.LearningRate.mean": {
            "value": 0.00029996148661283776,
            "min": 0.00029996148661283776,
            "max": 0.00029999140680286434,
            "count": 5
        },
        "KartAgent.Policy.LearningRate.sum": {
            "value": 0.00029996148661283776,
            "min": 0.00029996148661283776,
            "max": 0.00029999140680286434,
            "count": 5
        },
        "KartAgent.Policy.Epsilon.mean": {
            "value": 0.1999871622,
            "min": 0.1999871622,
            "max": 0.19999713560000004,
            "count": 5
        },
        "KartAgent.Policy.Epsilon.sum": {
            "value": 0.1999871622,
            "min": 0.1999871622,
            "max": 0.19999713560000004,
            "count": 5
        },
        "KartAgent.Policy.Beta.mean": {
            "value": 0.00099987290578,
            "min": 0.00099987290578,
            "max": 0.0009999716424399997,
            "count": 5
        },
        "KartAgent.Policy.Beta.sum": {
            "value": 0.00099987290578,
            "min": 0.00099987290578,
            "max": 0.0009999716424399997,
            "count": 5
        }
    },
    "metadata": {
        "timer_format_version": "0.1.0",
        "start_time_seconds": "1671145207",
        "python_version": "3.9.7 (default, Sep 16 2021, 23:53:23) \n[Clang 12.0.0 ]",
        "command_line_arguments": "/Users/jaydevnani/opt/miniconda3/envs/unity-mla/bin/mlagents-learn /Users/jaydevnani/Downloads/AI-Racing-Karts-main/Kart Agent.yaml --run-id=KartTraining4",
        "mlagents_version": "0.30.0",
        "mlagents_envs_version": "0.30.0",
        "communication_protocol_version": "1.5.0",
        "pytorch_version": "1.11.0",
        "numpy_version": "1.21.2",
        "end_time_seconds": "1671145314"
    },
    "total": 107.76574454200001,
    "count": 1,
    "self": 0.003613708999992582,
    "children": {
        "run_training.setup": {
            "total": 0.013777250000000074,
            "count": 1,
            "self": 0.013777250000000074
        },
        "TrainerController.start_learning": {
            "total": 107.74835358300001,
            "count": 1,
            "self": 0.8163822389999353,
            "children": {
                "TrainerController._reset_env": {
                    "total": 7.930782707999999,
                    "count": 1,
                    "self": 7.930782707999999
                },
                "TrainerController.advance": {
                    "total": 98.93745863600009,
                    "count": 3715,
                    "self": 0.02339590100046962,
                    "children": {
                        "env_step": {
                            "total": 98.91406273499962,
                            "count": 3715,
                            "self": 90.64621510999989,
                            "children": {
                                "SubprocessEnvManager._take_step": {
                                    "total": 8.239831962999691,
                                    "count": 3715,
                                    "self": 0.13619810599972837,
                                    "children": {
                                        "TorchPolicy.evaluate": {
                                            "total": 8.103633856999963,
                                            "count": 3616,
                                            "self": 8.103633856999963
                                        }
                                    }
                                },
                                "workers": {
                                    "total": 0.028015662000044017,
                                    "count": 3714,
                                    "self": 0.0,
                                    "children": {
                                        "worker_root": {
                                            "total": 98.89946152100028,
                                            "count": 3714,
                                            "is_parallel": true,
                                            "self": 12.341309263000241,
                                            "children": {
                                                "steps_from_proto": {
                                                    "total": 0.0005068330000002064,
                                                    "count": 1,
                                                    "is_parallel": true,