{
    "name": "root",
    "gauges": {
        "KartAgent.Policy.Entropy.mean": {
            "value": 0.5727279782295227,
            "min": 0.49894770979881287,
            "max": 1.4799494743347168,
            "count": 695
        },
        "KartAgent.Policy.Entropy.sum": {
            "value": 7010.1904296875,
            "min": 5213.703125,
            "max": 30887.44921875,
            "count": 695
        },
        "KartAgent.Environment.EpisodeLength.mean": {
            "value": 188.046875,
            "min": 185.04615384615386,
            "max": 1927.3333333333333,
            "count": 695
        },
        "KartAgent.Environment.EpisodeLength.sum": {
            "value": 12035.0,
            "min": 849.0,
            "max": 19650.0,
            "count": 695
        },
        "KartAgent.Step.mean": {
            "value": 8339919.0,
            "min": 11643.0,
            "max": 8339919.0,
            "count": 695
        },
        "KartAgent.Step.sum": {
            "value": 8339919.0,
            "min": 11643.0,
            "max": 8339919.0,
            "count": 695
        },
        "KartAgent.Policy.ExtrinsicValueEstimate.mean": {
            "value": 0.3011291027069092,
            "min": -0.30322715640068054,
            "max": 0.30461177229881287,
            "count": 695
        },
        "KartAgent.Policy.ExtrinsicValueEstimate.sum": {
            "value": 19.272262573242188,
            "min": -6.670997619628906,
            "max": 19.79976463317871,
            "count": 695
        },
        "KartAgent.Environment.CumulativeReward.mean": {
            "value": 0.7910729264840484,
            "min": -2.8625835180282593,
            "max": 0.7941974612382742,
            "count": 695
        },
        "KartAgent.Environment.CumulativeReward.sum": {
            "value": 50.628667294979095,
            "min": -37.71966689825058,
            "max": 51.62283498048782,
            "count": 695
        },
        "KartAgent.Policy.ExtrinsicReward.mean": {
            "value": 0.7910729264840484,
            "min": -2.8625835180282593,
            "max": 0.7941974612382742,
            "count": 695
        },
        "KartAgent.Policy.ExtrinsicReward.sum": {
            "value": 50.628667294979095,
            "min": -37.71966689825058,
            "max": 51.62283498048782,
            "count": 695
        },
        "KartAgent.IsTraining.mean": {
            "value": 1.0,
            "min": 1.0,
            "max": 1.0,
            "count": 695
        },
        "KartAgent.IsTraining.sum": {
            "value": 1.0,
            "min": 1.0,
            "max": 1.0,
            "count": 695
        },
        "KartAgent.Losses.PolicyLoss.mean": {
            "value": 0.06811603657870971,
            "min": 0.058363598379534476,
            "max": 0.6875800003953433,
            "count": 682
        },
        "KartAgent.Losses.PolicyLoss.sum": {
            "value": 0.06811603657870971,
            "min": 0.058363598379534476,
            "max": 0.6875800003953433,
            "count": 682
        },
        "KartAgent.Losses.ValueLoss.mean": {
            "value": 5.165620755481844e-05,
            "min": 1.2366288785112072e-05,
            "max": 0.032588902819089785,
            "count": 682
        },
        "KartAgent.Losses.ValueLoss.sum": {
            "value": 5.165620755481844e-05,
            "min": 1.2366288785112072e-05,
            "max": 0.032588902819089785,
            "count": 682
        },
        "KartAgent.Policy.LearningRate.mean": {
            "value": 0.0002950022878659046,
            "min": 0.0002950022878659046,
            "max": 0.0002999924706025099,
            "count": 682
        },
        "KartAgent.Policy.LearningRate.sum": {
            "value": 0.0002950022878659046,
            "min": 0.0002950022878659046,
            "max": 0.0002999924706025099,
            "count": 682
        },
        "KartAgent.Policy.Epsilon.mean": {
            "value": 0.1983340954,
            "min": 0.1983340954,
            "max": 0.19999749020000002,
            "count": 682
        },
        "KartAgent.Policy.Epsilon.sum": {
            "value": 0.1983340954,
            "min": 0.1983340954,
            "max": 0.19999749020000002,
            "count": 682
        },
        "KartAgent.Policy.Beta.mean": {
            "value": 0.0009835075444599997,
            "min": 0.0009835075444599997,
            "max": 0.0009999751529800004,
            "count": 682
        },
        "KartAgent.Policy.Beta.sum": {
            "value": 0.0009835075444599997,
            "min": 0.0009835075444599997,
            "max": 0.0009999751529800004,
            "count": 682
        }
    },
    "metadata": {
        "timer_format_version": "0.1.0",
        "start_time_seconds": "1671072811",
        "python_version": "3.9.7 (default, Sep 16 2021, 23:53:23) \n[Clang 12.0.0 ]",
        "command_line_arguments": "/Users/jaydevnani/opt/miniconda3/envs/unity-mla/bin/mlagents-learn /Users/jaydevnani/Downloads/AI-Racing-Karts-main/Kart Agent.yaml --run-id=KartTraining1",
        "mlagents_version": "0.30.0",
        "mlagents_envs_version": "0.30.0",
        "communication_protocol_version": "1.5.0",
        "pytorch_version": "1.11.0",
        "numpy_version": "1.21.2",
        "end_time_seconds": "1671081894"
    },
    "total": 9082.245245,
    "count": 1,
    "self": 0.003968916998928762,
    "children": {
        "run_training.setup": {
            "total": 0.018273082999999968,
            "count": 1,
            "self": 0.018273082999999968
        },
        "TrainerController.start_learning": {
            "total": 9082.223003000001,
            "count": 1,
            "self": 4.406990080356991,
            "children": {
                "TrainerController._reset_env": {
                    "total": 13.079183375,
                    "count": 1,
                    "self": 13.079183375
                },
                "TrainerController.advance": {
                    "total": 9064.697279294645,
                    "count": 371498,
                    "self": 2.093704057388095,
                    "children": {
                        "env_step": {
                            "total": 9062.603575237257,
                            "count": 371498,
                            "self": 8169.374943042601,
                            "children": {
                                "SubprocessEnvManager._take_step": {
                                    "total": 890.4810699755039,
                                    "count": 371498,
                                    "self": 17.882557028417295,
                                    "children": {
                                        "TorchPolicy.evaluate": {
                                            "total": 872.5985129470866,
                                            "count": 347956,
                                            "self": 872.5985129470866
                                        }
                                    }
                                },
                                "workers": {
                                    "total": 2.7475622191522646,
                                    "count": 371497,
                                    "self": 0.0,
                                    "children": {
                                        "worker_root": {
                                            "total": 9062.89154967893,
                                            "count": 371497,
                                            "is_parallel": true,
                                            "self": 1256.6064593892188,
                                            "children": {
                                                "steps_from_proto": {
                                                    "total": 0.0005047910000008926,
                                                    "count": 1,