{
    "name": "root",
    "gauges": {
        "KartAgent.Policy.Entropy.mean": {
            "value": 1.415895938873291,
            "min": 1.351396918296814,
            "max": 1.4203300476074219,
            "count": 118
        },
        "KartAgent.Policy.Entropy.sum": {
            "value": 15903.34375,
            "min": 10823.69140625,
            "max": 33509.6484375,
            "count": 118
        },
        "KartAgent.Environment.EpisodeLength.mean": {
            "value": 1056.5384615384614,
            "min": 525.7083333333334,
            "max": 1453.6666666666667,
            "count": 118
        },
        "KartAgent.Environment.EpisodeLength.sum": {
            "value": 13735.0,
            "min": 5248.0,
            "max": 18061.0,
            "count": 118
        },
        "KartAgent.Step.mean": {
            "value": 1415503.0,
            "min": 11668.0,
            "max": 1415503.0,
            "count": 118
        },
        "KartAgent.Step.sum": {
            "value": 1415503.0,
            "min": 11668.0,
            "max": 1415503.0,
            "count": 118
        },
        "KartAgent.Policy.ExtrinsicValueEstimate.mean": {
            "value": -0.10231675207614899,
            "min": -0.288396954536438,
            "max": -0.02414649724960327,
            "count": 118
        },
        "KartAgent.Policy.ExtrinsicValueEstimate.sum": {
            "value": -1.6370680332183838,
            "min": -5.520084381103516,
            "max": -0.5553694367408752,
            "count": 118
        },
        "KartAgent.Environment.CumulativeReward.mean": {
            "value": -0.8586282902039014,
            "min": -2.177750120560328,
            "max": -0.8586282902039014,
            "count": 118
        },
        "KartAgent.Environment.CumulativeReward.sum": {
            "value": -11.162167772650719,
            "min": -34.24916756153107,
            "max": -9.477166950702667,
            "count": 118
        },
        "KartAgent.Policy.ExtrinsicReward.mean": {
            "value": -0.8586282902039014,
            "min": -2.177750120560328,
            "max": -0.8586282902039014,
            "count": 118
        },
        "KartAgent.Policy.ExtrinsicReward.sum": {
            "value": -11.162167772650719,
            "min": -34.24916756153107,
            "max": -9.477166950702667,
            "count": 118
        },
        "KartAgent.IsTraining.mean": {
            "value": 1.0,
            "min": 1.0,
            "max": 1.0,
            "count": 118
        },
        "KartAgent.IsTraining.sum": {
            "value": 1.0,
            "min": 1.0,
            "max": 1.0,
            "count": 118
        },
        "KartAgent.Losses.PolicyLoss.mean": {
            "value": 0.06868797920696024,
            "min": 0.0651483936269216,
            "max": 0.07720809661186649,
            "count": 113
        },
        "KartAgent.Losses.PolicyLoss.sum": {
            "value": 0.06868797920696024,
            "min": 0.0651483936269216,
            "max": 0.07720809661186649,
            "count": 113
        },
        "KartAgent.Losses.ValueLoss.mean": {
            "value": 0.0027773966495361594,
            "min": 0.0022745152289731082,
            "max": 0.02542831584929474,
            "count": 113
        },
        "KartAgent.Losses.ValueLoss.sum": {
            "value": 0.0027773966495361594,
            "min": 0.0022745152289731082,
            "max": 0.02542831584929474,
            "count": 113
        },
        "KartAgent.Policy.LearningRate.mean": {
            "value": 0.0002991506984831006,
            "min": 0.0002991506984831006,
            "max": 0.0002999924154025282,
            "count": 113
        },
        "KartAgent.Policy.LearningRate.sum": {
            "value": 0.0002991506984831006,
            "min": 0.0002991506984831006,
            "max": 0.0002999924154025282,
            "count": 113
        },
        "KartAgent.Policy.Epsilon.mean": {
            "value": 0.1997168994,
            "min": 0.1997168994,
            "max": 0.19999747179999997,
            "count": 113
        },
        "KartAgent.Policy.Epsilon.sum": {
            "value": 0.1997168994,
            "min": 0.1997168994,
            "max": 0.19999747179999997,
            "count": 113
        },
        "KartAgent.Policy.Beta.mean": {
            "value": 0.00099719730406,
            "min": 0.00099719730406,
            "max": 0.00099997497082,
            "count": 113
        },
        "KartAgent.Policy.Beta.sum": {
            "value": 0.00099719730406,
            "min": 0.00099719730406,
            "max": 0.00099997497082,
            "count": 113
        }
    },
    "metadata": {
        "timer_format_version": "0.1.0",
        "start_time_seconds": "1671145463",
        "python_version": "3.9.7 (default, Sep 16 2021, 23:53:23) \n[Clang 12.0.0 ]",
        "command_line_arguments": "/Users/jaydevnani/opt/miniconda3/envs/unity-mla/bin/mlagents-learn /Users/jaydevnani/Downloads/AI-Racing-Karts-main/Kart Agent.yaml --run-id=KartTraining5",
        "mlagents_version": "0.30.0",
        "mlagents_envs_version": "0.30.0",
        "communication_protocol_version": "1.5.0",
        "pytorch_version": "1.11.0",
        "numpy_version": "1.21.2",
        "end_time_seconds": "1671147045"
    },
    "total": 1582.187673666,
    "count": 1,
    "self": 0.00425679099998888,
    "children": {
        "run_training.setup": {
            "total": 0.01564845799999992,
            "count": 1,
            "self": 0.01564845799999992
        },
        "TrainerController.start_learning": {
            "total": 1582.167768417,
            "count": 1,
            "self": 0.7784088559790234,
            "children": {
                "TrainerController._reset_env": {
                    "total": 8.966364749999999,
                    "count": 1,
                    "self": 8.966364749999999
                },
                "TrainerController.advance": {
                    "total": 1572.383196604021,
                    "count": 61100,
                    "self": 0.3406989690520277,
                    "children": {
                        "env_step": {
                            "total": 1572.0424976349689,
                            "count": 61100,
                            "self": 1412.028113571956,
                            "children": {
                                "SubprocessEnvManager._take_step": {
                                    "total": 159.54375228101412,
                                    "count": 61101,
                                    "self": 2.9440852519870475,
                                    "children": {
                                        "TorchPolicy.evaluate": {
                                            "total": 156.59966702902707,
                                            "count": 59696,
                                            "self": 156.59966702902707
                                        }
                                    }
                                },
                                "workers": {
                                    "total": 0.4706317819987369,
                                    "count": 61099,
                                    "self": 0.0,
                                    "children": {
                                        "worker_root": {
                                            "total": 1564.7896531909971,
                                            "count": 61099,
                                            "is_parallel": true,
                                            "self": 223.36311435998914,
                                            "children": {
                                                "steps_from_proto": {
                                                    "total": 0.0008779999999992683,
                                                    "count": 2,
                                                    "is_parallel": true,